tick,population,apples,corpses,births,deaths_starved,deaths_killed,avg_generation,max_generation,avg_health,avg_speed,avg_sight,avg_stamina,avg_attack,herbivores,omnivores,carnivores,avg_fitness
20,12,30,0,1,0,0,0.08,1,122.0,1.80,10.57,61.4,14.8,1,6,5,0.493
40,12,38,0,1,0,0,0.08,1,122.0,1.80,10.57,61.4,14.8,1,6,5,0.185
60,13,43,0,2,0,0,0.15,1,124.8,1.82,10.57,60.3,14.6,1,6,6,0.496
80,13,49,0,2,0,0,0.15,1,124.8,1.82,10.57,60.3,14.6,1,6,6,0.440
100,13,56,0,2,0,0,0.15,1,124.8,1.82,10.57,60.3,14.6,1,6,6,0.319
120,14,60,0,3,0,0,0.21,1,124.7,1.81,10.67,60.6,14.7,1,6,7,0.397
140,14,60,0,3,0,0,0.21,1,124.7,1.81,10.67,60.6,14.7,1,6,7,0.439
160,14,60,0,3,0,0,0.21,1,124.7,1.81,10.67,60.6,14.7,1,6,7,0.408
180,14,60,0,3,0,0,0.21,1,124.7,1.81,10.68,60.6,14.7,1,6,7,0.372
200,14,60,0,3,0,0,0.21,1,124.7,1.81,10.68,60.6,14.7,1,6,7,0.306
220,15,60,0,4,0,0,0.27,1,124.1,1.84,10.72,59.7,14.5,1,6,8,0.329
240,15,60,0,4,0,0,0.27,1,124.1,1.84,10.72,59.7,14.5,1,6,8,0.285
260,15,60,0,4,0,0,0.27,1,124.1,1.84,10.72,59.7,14.5,1,6,8,0.239
280,15,60,0,4,0,0,0.27,1,124.1,1.84,10.72,59.7,14.5,1,6,8,0.193
300,15,60,0,4,0,0,0.27,1,124.1,1.84,10.72,59.7,14.5,1,6,8,0.140
320,15,60,0,4,0,0,0.27,1,124.1,1.84,10.72,59.7,14.5,1,6,8,0.105
340,15,60,0,4,0,0,0.27,1,124.1,1.84,10.72,59.7,14.5,1,6,8,0.061
360,16,60,0,5,0,0,0.31,1,122.6,1.85,10.79,59.8,14.6,1,6,9,0.106
380,16,60,0,5,0,0,0.31,1,122.6,1.85,10.79,59.8,14.6,1,6,9,0.041
400,16,60,0,5,0,0,0.31,1,122.6,1.85,10.76,59.8,14.6,1,6,9,0.034
420,16,60,0,5,0,0,0.31,1,122.6,1.85,10.76,59.8,14.6,1,6,9,0.005
440,16,60,0,5,0,0,0.31,1,122.6,1.85,10.76,59.8,14.6,1,6,9,-0.013
460,16,60,0,5,0,0,0.31,1,122.6,1.85,10.76,59.8,14.6,1,6,9,-0.037
480,16,60,0,5,0,0,0.31,1,122.6,1.85,10.76,59.8,14.6,1,6,9,-0.062
500,16,60,0,5,0,0,0.31,1,122.6,1.85,10.76,59.8,14.6,1,6,9,-0.087
520,16,60,0,5,0,0,0.31,1,122.6,1.85,10.76,59.8,14.6,1,6,9,-0.107
540,16,60,0,5,0,0,0.31,1,122.6,1.85,10.76,59.8,14.6,1,6,9,-0.115
560,16,60,0,5,0,0,0.31,1,122.6,1.85,10.76,59.8,14.6,1,6,9,-0.147
580,16,60,0,5,0,0,0.31,1,122.6,1.85,10.76,59.8,14.6,1,6,9,-0.158
600,16,60,0,5,0,0,0.31,1,122.6,1.85,10.76,59.8,14.6,1,6,9,-0.173
620,16,60,0,5,0,0,0.31,1,122.6,1.85,10.76,59.8,14.6,1,6,9,-0.187
640,17,60,0,6,0,0,0.41,2,123.5,1.83,10.77,58.8,14.5,1,6,10,-0.123
660,17,60,0,6,0,0,0.41,2,123.5,1.83,10.77,58.8,14.5,1,6,10,-0.109
680,16,60,1,6,1,0,0.44,2,125.3,1.83,10.76,58.2,14.5,1,5,10,-0.105
700,16,60,1,6,1,0,0.44,2,125.3,1.83,10.76,58.2,14.5,1,5,10,-0.117
720,16,60,1,6,1,0,0.44,2,125.3,1.83,10.76,58.2,14.5,1,5,10,-0.154
740,16,60,1,6,1,0,0.44,2,125.3,1.83,10.76,58.2,14.5,1,5,10,-0.178
760,16,60,1,6,1,0,0.44,2,125.3,1.83,10.76,58.2,14.5,1,5,10,-0.205
780,14,60,3,6,1,2,0.50,2,125.0,1.80,10.89,58.6,14.1,1,4,9,-0.199
800,14,60,3,6,1,2,0.50,2,125.0,1.80,10.89,58.6,14.1,1,4,9,-0.217
820,14,60,3,6,1,2,0.50,2,125.0,1.80,10.89,58.6,14.1,1,4,9,-0.232
840,12,60,5,6,3,2,0.58,2,126.5,1.78,10.98,56.6,14.1,0,4,8,-0.226
860,11,60,6,6,4,2,0.55,2,127.4,1.75,10.95,57.5,14.2,0,4,7,-0.204
880,10,60,7,6,5,2,0.50,2,124.5,1.72,10.99,58.6,14.3,0,4,6,-0.189
900,9,60,8,6,6,2,0.56,2,125.4,1.68,10.84,57.6,13.9,0,3,6,-0.173
920,9,60,7,6,6,2,0.56,2,125.4,1.68,10.84,57.6,13.9,0,3,6,-0.186
940,9,60,7,6,6,2,0.56,2,125.4,1.68,10.84,57.6,13.9,0,3,6,-0.173
960,9,60,6,6,6,2,0.56,2,125.4,1.68,10.84,57.6,13.9,0,3,6,-0.176
980,9,60,6,6,6,2,0.56,2,125.3,1.68,10.84,57.6,13.9,0,3,6,-0.192
1000,8,60,7,6,7,2,0.63,2,126.4,1.69,10.72,58.7,13.9,0,3,5,-0.171
1020,8,60,6,6,7,2,0.63,2,126.4,1.69,10.72,58.7,13.9,0,3,5,-0.181
1040,6,60,7,6,8,3,0.67,2,120.2,1.67,10.82,60.2,14.1,0,1,5,-0.116
1060,6,60,7,6,8,3,0.67,2,120.2,1.67,10.82,60.2,14.1,0,1,5,-0.126
1080,7,60,5,7,8,3,0.71,2,116.5,1.66,10.64,56.3,14.4,0,1,6,0.044
1100,7,60,4,7,8,3,0.71,2,116.5,1.66,10.64,56.3,14.4,0,1,6,-0.203
1120,6,60,4,7,9,3,0.67,2,115.2,1.66,10.42,55.0,14.2,0,1,5,-0.201
1140,6,60,3,7,9,3,0.67,2,115.2,1.66,10.41,55.0,14.2,0,1,5,-0.104
1160,6,60,3,7,9,3,0.67,2,115.2,1.66,10.41,55.0,14.2,0,1,5,-0.040
1180,6,60,3,7,9,3,0.67,2,115.2,1.66,10.41,55.0,14.2,0,1,5,-0.039
1200,6,60,3,7,9,3,0.67,2,115.2,1.66,10.41,55.0,14.2,0,1,5,-0.068
1220,6,60,3,7,9,3,0.67,2,115.2,1.66,10.41,55.0,14.2,0,1,5,-0.090
1240,6,60,3,7,9,3,0.67,2,115.2,1.66,10.41,55.0,14.2,0,1,5,-0.108
1260,6,60,3,7,9,3,0.67,2,115.1,1.66,10.41,54.9,14.2,0,1,5,-0.118
1280,6,60,1,7,9,3,0.67,2,115.1,1.66,10.41,54.9,14.2,0,1,5,-0.133
1300,6,60,1,7,9,3,0.67,2,115.1,1.66,10.41,54.9,14.2,0,1,5,-0.135
1320,6,60,1,7,9,3,0.67,2,115.1,1.66,10.41,54.9,14.2,0,1,5,-0.147
1340,5,60,2,7,9,4,0.60,2,118.4,1.61,10.15,53.5,13.9,0,1,4,-0.133
1360,5,60,1,7,9,4,0.60,2,118.4,1.61,10.35,53.7,13.9,0,1,4,-0.139
1380,5,60,1,7,9,4,0.60,2,118.4,1.61,10.35,53.7,13.9,0,1,4,-0.140
1400,5,60,1,7,9,4,0.60,2,118.4,1.61,10.35,53.7,13.9,0,1,4,-0.141
1420,5,60,1,7,9,4,0.60,2,118.4,1.61,10.19,53.7,13.9,0,1,4,-0.143
1440,5,60,1,7,9,4,0.60,2,118.4,1.61,10.19,53.7,13.9,0,1,4,-0.147
1460,5,60,1,7,9,4,0.60,2,118.4,1.61,10.19,53.7,13.9,0,1,4,-0.153
1480,5,60,1,7,9,4,0.60,2,118.4,1.61,10.19,53.7,13.9,0,1,4,-0.158
1500,5,60,1,7,9,4,0.60,2,118.4,1.61,10.19,53.7,13.9,0,1,4,-0.163
1520,4,60,2,7,9,5,0.75,2,118.3,1.55,9.64,55.7,13.9,0,0,4,-0.136
1540,4,60,2,7,9,5,0.75,2,118.3,1.55,9.64,55.7,13.9,0,0,4,-0.142
1560,4,60,2,7,9,5,0.75,2,118.3,1.55,9.64,55.7,13.9,0,0,4,-0.140
1580,4,60,1,7,9,5,0.75,2,117.9,1.55,9.64,55.7,13.9,0,0,4,-0.142
1600,4,60,1,7,9,5,0.75,2,117.9,1.55,9.64,55.7,13.9,0,0,4,-0.140
1620,4,60,1,7,9,5,0.75,2,117.9,1.55,9.64,55.7,13.9,0,0,4,-0.152
1640,4,60,1,7,9,5,0.75,2,117.9,1.55,9.64,55.7,13.9,0,0,4,-0.161
1660,4,60,1,7,9,5,0.75,2,117.9,1.55,9.64,55.7,13.9,0,0,4,-0.170
1680,4,60,1,7,9,5,0.75,2,117.9,1.55,9.64,55.7,13.9,0,0,4,-0.175
1700,4,60,1,7,9,5,0.75,2,117.9,1.55,9.64,55.7,13.9,0,0,4,-0.184
1720,4,60,1,7,9,5,0.75,2,117.9,1.55,9.64,55.7,13.9,0,0,4,-0.189
1740,4,60,1,7,9,5,0.75,2,117.9,1.55,9.64,55.7,13.9,0,0,4,-0.190
1760,4,60,0,7,9,5,0.75,2,117.9,1.55,9.64,55.7,13.9,0,0,4,-0.191
1780,4,60,0,7,9,5,0.75,2,117.9,1.55,9.64,55.7,13.9,0,0,4,-0.199
1800,4,60,0,7,9,5,0.75,2,117.9,1.55,9.64,55.7,13.9,0,0,4,-0.205
1820,3,60,1,7,9,6,0.33,1,111.0,1.57,9.17,60.0,14.2,0,0,3,-0.187
1840,3,60,1,7,9,6,0.33,1,111.0,1.57,9.17,60.0,14.2,0,0,3,-0.194
1860,3,60,1,7,9,6,0.33,1,111.0,1.57,9.17,60.0,14.2,0,0,3,-0.203
1880,3,60,1,7,9,6,0.33,1,111.7,1.57,9.17,60.5,14.3,0,0,3,-0.211
1900,3,60,1,7,9,6,0.33,1,111.7,1.57,9.17,60.5,14.3,0,0,3,-0.220
1920,3,60,1,7,9,6,0.33,1,111.7,1.57,9.17,60.5,14.3,0,0,3,-0.227
1940,2,60,2,7,10,6,0.50,1,103.3,1.61,9.84,49.7,15.8,0,0,2,-0.160
1960,2,60,2,7,10,6,0.50,1,103.3,1.61,9.84,49.7,15.8,0,0,2,-0.173
1980,2,60,2,7,10,6,0.50,1,103.3,1.61,9.84,49.7,15.8,0,0,2,-0.182
2000,2,60,2,7,10,6,0.50,1,103.3,1.61,9.84,49.7,15.8,0,0,2,-0.197
2020,1,60,3,7,10,7,1.00,1,94.2,1.64,9.61,33.0,15.7,0,0,1,-0.332
2040,1,60,3,7,10,7,1.00,1,94.2,1.64,9.61,33.0,15.7,0,0,1,-0.349
2060,1,60,2,7,10,7,1.00,1,94.2,1.64,9.61,33.0,15.7,0,0,1,-0.362
2080,0,60,3,7,11,7,0.00,0,0.0,0.00,0.00,0.0,0.0,0,0,0,0.000
2100,0,60,3,7,11,7,0.00,0,0.0,0.00,0.00,0.0,0.0,0,0,0,0.000
2120,0,60,3,7,11,7,0.00,0,0.0,0.00,0.00,0.0,0.0,0,0,0,0.000
2140,0,60,3,7,11,7,0.00,0,0.0,0.00,0.00,0.0,0.0,0,0,0,0.000
2160,0,60,3,7,11,7,0.00,0,0.0,0.00,0.00,0.0,0.0,0,0,0,0.000
2180,0,60,2,7,11,7,0.00,0,0.0,0.00,0.00,0.0,0.0,0,0,0,0.000
2200,0,60,2,7,11,7,0.00,0,0.0,0.00,0.00,0.0,0.0,0,0,0,0.000
2220,0,60,2,7,11,7,0.00,0,0.0,0.00,0.00,0.0,0.0,0,0,0,0.000
2240,0,60,2,7,11,7,0.00,0,0.0,0.00,0.00,0.0,0.0,0,0,0,0.000
2260,0,60,1,7,11,7,0.00,0,0.0,0.00,0.00,0.0,0.0,0,0,0,0.000
2280,0,60,1,7,11,7,0.00,0,0.0,0.00,0.00,0.0,0.0,0,0,0,0.000
2300,0,60,1,7,11,7,0.00,0,0.0,0.00,0.00,0.0,0.0,0,0,0,0.000
2320,0,60,0,7,11,7,0.00,0,0.0,0.00,0.00,0.0,0.0,0,0,0,0.000
2340,0,60,0,7,11,7,0.00,0,0.0,0.00,0.00,0.0,0.0,0,0,0,0.000
2360,0,60,0,7,11,7,0.00,0,0.0,0.00,0.00,0.0,0.0,0,0,0,0.000
2380,0,60,0,7,11,7,0.00,0,0.0,0.00,0.00,0.0,0.0,0,0,0,0.000
2400,0,60,0,7,11,7,0.00,0,0.0,0.00,0.00,0.0,0.0,0,0,0,0.000
2420,0,60,0,7,11,7,0.00,0,0.0,0.00,0.00,0.0,0.0,0,0,0,0.000
2440,0,60,0,7,11,7,0.00,0,0.0,0.00,0.00,0.0,0.0,0,0,0,0.000
2460,0,60,0,7,11,7,0.00,0,0.0,0.00,0.00,0.0,0.0,0,0,0,0.000
2480,0,60,0,7,11,7,0.00,0,0.0,0.00,0.00,0.0,0.0,0,0,0,0.000
2500,0,60,0,7,11,7,0.00,0,0.0,0.00,0.00,0.0,0.0,0,0,0,0.000
2520,0,60,0,7,11,7,0.00,0,0.0,0.00,0.00,0.0,0.0,0,0,0,0.000
2540,0,60,0,7,11,7,0.00,0,0.0,0.00,0.00,0.0,0.0,0,0,0,0.000
2560,0,60,0,7,11,7,0.00,0,0.0,0.00,0.00,0.0,0.0,0,0,0,0.000
2580,0,60,0,7,11,7,0.00,0,0.0,0.00,0.00,0.0,0.0,0,0,0,0.000
2600,0,60,0,7,11,7,0.00,0,0.0,0.00,0.00,0.0,0.0,0,0,0,0.000
2620,0,60,0,7,11,7,0.00,0,0.0,0.00,0.00,0.0,0.0,0,0,0,0.000
2640,0,60,0,7,11,7,0.00,0,0.0,0.00,0.00,0.0,0.0,0,0,0,0.000
2660,0,60,0,7,11,7,0.00,0,0.0,0.00,0.00,0.0,0.0,0,0,0,0.000
2680,0,60,0,7,11,7,0.00,0,0.0,0.00,0.00,0.0,0.0,0,0,0,0.000
2700,0,60,0,7,11,7,0.00,0,0.0,0.00,0.00,0.0,0.0,0,0,0,0.000
2720,0,60,0,7,11,7,0.00,0,0.0,0.00,0.00,0.0,0.0,0,0,0,0.000
2740,0,60,0,7,11,7,0.00,0,0.0,0.00,0.00,0.0,0.0,0,0,0,0.000
2760,0,60,0,7,11,7,0.00,0,0.0,0.00,0.00,0.0,0.0,0,0,0,0.000
2780,0,60,0,7,11,7,0.00,0,0.0,0.00,0.00,0.0,0.0,0,0,0,0.000
2800,0,60,0,7,11,7,0.00,0,0.0,0.00,0.00,0.0,0.0,0,0,0,0.000
2820,0,60,0,7,11,7,0.00,0,0.0,0.00,0.00,0.0,0.0,0,0,0,0.000
2840,0,60,0,7,11,7,0.00,0,0.0,0.00,0.00,0.0,0.0,0,0,0,0.000
2860,0,60,0,7,11,7,0.00,0,0.0,0.00,0.00,0.0,0.0,0,0,0,0.000
2880,0,60,0,7,11,7,0.00,0,0.0,0.00,0.00,0.0,0.0,0,0,0,0.000
2900,0,60,0,7,11,7,0.00,0,0.0,0.00,0.00,0.0,0.0,0,0,0,0.000
2920,0,60,0,7,11,7,0.00,0,0.0,0.00,0.00,0.0,0.0,0,0,0,0.000
2940,0,60,0,7,11,7,0.00,0,0.0,0.00,0.00,0.0,0.0,0,0,0,0.000
2960,0,60,0,7,11,7,0.00,0,0.0,0.00,0.00,0.0,0.0,0,0,0,0.000
2980,0,60,0,7,11,7,0.00,0,0.0,0.00,0.00,0.0,0.0,0,0,0,0.000
3000,0,60,0,7,11,7,0.00,0,0.0,0.00,0.00,0.0,0.0,0,0,0,0.000
3020,0,60,0,7,11,7,0.00,0,0.0,0.00,0.00,0.0,0.0,0,0,0,0.000
3040,0,60,0,7,11,7,0.00,0,0.0,0.00,0.00,0.0,0.0,0,0,0,0.000
3060,0,60,0,7,11,7,0.00,0,0.0,0.00,0.00,0.0,0.0,0,0,0,0.000
3080,0,60,0,7,11,7,0.00,0,0.0,0.00,0.00,0.0,0.0,0,0,0,0.000
3100,0,60,0,7,11,7,0.00,0,0.0,0.00,0.00,0.0,0.0,0,0,0,0.000
3120,0,60,0,7,11,7,0.00,0,0.0,0.00,0.00,0.0,0.0,0,0,0,0.000
3140,0,60,0,7,11,7,0.00,0,0.0,0.00,0.00,0.0,0.0,0,0,0,0.000
3160,0,60,0,7,11,7,0.00,0,0.0,0.00,0.00,0.0,0.0,0,0,0,0.000
3180,0,60,0,7,11,7,0.00,0,0.0,0.00,0.00,0.0,0.0,0,0,0,0.000
3200,0,60,0,7,11,7,0.00,0,0.0,0.00,0.00,0.0,0.0,0,0,0,0.000
3220,0,60,0,7,11,7,0.00,0,0.0,0.00,0.00,0.0,0.0,0,0,0,0.000
3240,0,60,0,7,11,7,0.00,0,0.0,0.00,0.00,0.0,0.0,0,0,0,0.000
3260,0,60,0,7,11,7,0.00,0,0.0,0.00,0.00,0.0,0.0,0,0,0,0.000
3280,0,60,0,7,11,7,0.00,0,0.0,0.00,0.00,0.0,0.0,0,0,0,0.000
3300,0,60,0,7,11,7,0.00,0,0.0,0.00,0.00,0.0,0.0,0,0,0,0.000
3320,0,60,0,7,11,7,0.00,0,0.0,0.00,0.00,0.0,0.0,0,0,0,0.000
3340,0,60,0,7,11,7,0.00,0,0.0,0.00,0.00,0.0,0.0,0,0,0,0.000
3360,0,60,0,7,11,7,0.00,0,0.0,0.00,0.00,0.0,0.0,0,0,0,0.000
3380,0,60,0,7,11,7,0.00,0,0.0,0.00,0.00,0.0,0.0,0,0,0,0.000
3400,0,60,0,7,11,7,0.00,0,0.0,0.00,0.00,0.0,0.0,0,0,0,0.000
3420,0,60,0,7,11,7,0.00,0,0.0,0.00,0.00,0.0,0.0,0,0,0,0.000
3440,0,60,0,7,11,7,0.00,0,0.0,0.00,0.00,0.0,0.0,0,0,0,0.000
3460,0,60,0,7,11,7,0.00,0,0.0,0.00,0.00,0.0,0.0,0,0,0,0.000
3480,0,60,0,7,11,7,0.00,0,0.0,0.00,0.00,0.0,0.0,0,0,0,0.000
3500,0,60,0,7,11,7,0.00,0,0.0,0.00,0.00,0.0,0.0,0,0,0,0.000
3520,0,60,0,7,11,7,0.00,0,0.0,0.00,0.00,0.0,0.0,0,0,0,0.000
3540,0,60,0,7,11,7,0.00,0,0.0,0.00,0.00,0.0,0.0,0,0,0,0.000
3560,0,60,0,7,11,7,0.00,0,0.0,0.00,0.00,0.0,0.0,0,0,0,0.000
